user_Id,user_Name
0,Magnum
1,Head
2,Chuckle
3,Mule
4,Sharp
5,Rest
6,Multi
7,Geo
8,Sarge
9,Geo
10,Trapper
11,Kid
12,Bloxxer
13,Two
14,Uno
15,Redeem
16,Recon
17,Kid
18,Tread
19,Boy
20,Wolf
21,Sith
22,Zero
23,Vortex
24,Elevator
25,Bloxxer
26,Broken
27,Soaring
28,Near
29,Zero
30,Deepest
31,Big
32,Colt
33,Eraser
34,Broken
35,Redeem
36,Morrow
37,Mule
38,Bubble
39,Monkey
40,Demon
41,Wolf
42,Close
43,Panda
44,Sarge
45,Game
46,Fly
47,Genome
48,Money
49,Fly
50,Money
51,Colt
52,Morrow
53,Flying
54,Kitten
55,Mountain
56,Circle
57,Cat
58,Eraser
59,Lie
60,Captain
61,Seal
62,Enemy
63,Hound
64,Elevator
65,Script
66,Flame
67,Cold
68,Small
69,Cultist
70,Grand
71,Mine
72,Extreme
73,Sad
74,Hunter
75,Fall
76,Bounty
77,Dev
78,Demon
79,Elevator
80,Echo
81,Cash
82,Mule
83,Break
84,Trap
85,Slice
86,Eagle
87,Wolf
88,Cracked
89,Dessert
90,Rotten
91,Fear
92,King
93,Morrow
94,Racer
95,Racer
96,Force
97,Lord
98,Melting
99,Uno
100,Sick
101,XX
102,Sickly
103,Sand
104,Red
105,Tread
106,Assault
107,Sarge
108,Deceit
109,Deeper
110,Legacy
111,Dev
112,Big
113,Omega
114,Panda
115,Spaz
116,Cultist
117,Glow
118,Power
119,Panda
120,Demonic
121,Grease
122,Video
123,Extreme
124,Mountain
125,Panda
126,Grease
127,Ice
128,Two
129,Rend
130,Sand
131,Lies
132,Redeem
133,Fire
134,Boy
135,Bubba
136,Cracked
137,Rooster
138,Magnum
139,Game
140,Gamma
141,Zero
142,Slash
143,Code
144,Zero
145,Cracked
146,Hurdle
147,Head
148,Circle
149,Rooster
150,Near
151,Rest
152,Camel
153,Video
154,Deceit
155,Germ
156,Duke
157,Tall
158,Sarge
159,Head
160,Paradox
161,Mew
162,Morrow
163,Gun
164,Short
165,Alpha
166,Flame
167,Omega
168,Break
169,Break
170,Cliff
171,Soaring
172,Lie
173,Yellow
174,Shot
175,Hawk
176,Bounty
177,Ice
178,Cold
179,Flame
180,Kitty
181,Writer
182,Colt
183,King
184,Lord
185,Smasher
186,Kitty
187,Elevator
188,Your
189,Monkey
190,Smasher
191,Money
192,Mew
193,Rooster
194,Legacy
195,Fly
196,Slice
197,Racer
198,Vortex
199,Yellow
200,Rooster
201,Death
202,Cliff
203,Monkey
204,Slash
205,Racer
206,Cold
207,Tread
208,Soar
209,Bandit
210,Desert
211,Sickly
212,Mountain
213,Assault
214,Sandwich
215,Two
216,Chuckle
217,Broken
218,Memory
219,Racer
220,Bounty
221,Boy
222,Mew
223,Donkey
224,Recon
225,Red
226,Death
227,Ice
228,Ready
229,Sarge
230,Sickly
231,Fear
232,Hawker
233,Panda
234,Jump
235,Eraser
236,Erase
237,Vortex
238,Short
239,Deepest
240,Mule
241,Morrow
242,Lie
243,Melted
244,Eraser
245,Destined
246,Melting
247,Zero
248,Writer
249,Worst
250,Eagle
251,Cult
252,Lies
253,Melt
254,Video
255,Head
256,Eagle
257,Walker
258,Demon
259,Camel
260,Cold
261,Genome
262,Flying
263,Money
264,Shot
265,Geo
266,Gold
267,Honest
268,Fire
269,Dev
270,Ultimate
271,Big
272,Chuckle
273,Fell
274,Bloxxer
275,Lie
276,Red
277,Seal
278,Wolf
279,Big
280,Multi
281,Short
282,Blue
283,Cat
284,Flame
285,Germ
286,Game
287,Honest
288,Shot
289,Sand
290,Cube
291,Destiny
292,Circle
293,Sharp
294,Deceit
295,Sand
296,Circle
297,Melting
298,Capt
299,Shot
300,Alpha
301,Cult
302,Elevator
303,Colt
304,Gold
305,Morrow
306,Fly
307,Omega
308,Ready
309,Smasher
310,Close
311,Small
312,Chuckle
313,Circle
314,Elevator
315,XX
316,Donkey
317,Melting
318,Trap
319,Rooster
320,Grease
321,Capt
322,Soaring
323,Eagle
324,Trapper
325,Close
326,Hunter
327,Cliff
328,Vortex
329,Cracked
330,Fly
331,Cracked
332,Time
333,Gamma
334,Cold
335,Eraser
336,Vortex
337,Cult
338,Dessert
339,Multi
340,Game
341,Universe
342,One
343,Racer
344,Erase
345,Squid
346,Kitty
347,Glow
348,Gold
349,Joy
350,Joy
351,Sarge
352,Zero
353,Melting
354,Flying
355,Demon
356,Bloxxer
357,Beta
358,Erase
359,Ice
360,Zero
361,Ready
362,Theme
363,Sharp
364,Trap
365,Sandwich
366,Sad
367,Blue
368,Memory
369,Janitor
370,Joyful
371,Racer
372,Gold
373,Camel
374,Flame
375,Writer
376,Crimson
377,Alpha
378,Sarge
379,King
380,Flame
381,Omega
382,Kitty
383,Cash
384,Rest
385,Melted
386,Code
387,Open
388,Bubba
389,Ice
390,Walker
391,Cool
392,Jump
393,Deep
394,Death
395,Circle
396,Hurdle
397,Past
398,Wolf
399,Eraser
400,Vortex
401,Ready
402,Tread
403,Script
404,Alpha
405,Melt
406,Germ
407,Sickly
408,Mountain
409,Janitor
410,Hound
411,Script
412,Melting
413,Lie
414,Sad
415,Bandit
416,Money
417,Joyful
418,Cultist
419,Assault
420,Falling
421,Kid
422,Omega
423,Game
424,Cultist
425,Glow
426,Worst
427,Demon
428,Hunter
429,Glow
430,Red
431,Chuckle
432,Flame
433,Donkey
434,Circle
435,Genome
436,Zero
437,Short
438,Zero
439,Jump
440,Smasher
441,Kitten
442,Multi
443,Extreme
444,Sandwich
445,Recon
446,Time
447,Hurdle
448,Fell
449,Destined
450,Legacy
451,Ready
452,Sith
453,Breaker
454,Gamma
455,Two
456,Joy
457,Future
458,King
459,Big
460,Money
461,Short
462,Circle
463,Zero
464,Sad
465,Light
466,Falling
467,Rend
468,Sick
469,Monkey
470,Omega
471,Future
472,Hunter
473,Memory
474,Multi
475,Spaz
476,Colt
477,Deepest
478,Future
479,Lie
480,Sarge
481,Germ
482,Cracked
483,Mine
484,Slash
485,Script
486,Flame
487,One
488,Soar
489,Sharp
490,Memory
491,Yellow
492,Monkey
493,Small
494,Demon
495,Cube
496,Shot
497,Break
498,Captain
499,Sharp
500,Fear
501,Flame
502,Ultimate
503,Capt
504,Vortex
505,Death
506,Demonic
507,Broken
508,Flame
509,Tread
510,Hunter
511,Break
512,Squid
513,Deepest
514,Kitten
515,Close
516,Squid
517,Deceit
518,Circle
519,Demon
520,Zombie
521,Rotten
522,One
523,Joyful
524,Chuckle
525,Falling
526,Fire
527,Happy
528,Crimson
529,Future
530,Shot
531,Gun
532,Kid
533,Uno
534,Past
535,Colt
536,Future
537,Soaring
538,Demon
539,Omega
540,XX
541,Cracked
542,Cultist
543,King
544,Short
545,Honest
546,Cool
547,Sharp
548,Two
549,Numb
550,Demonic
551,Hurdle
552,Chuckle
553,Tread
554,Capt
555,Trap
556,Break
557,Death
558,Code
559,Close
560,Assault
561,Uno
562,Break
563,Erase
564,Beta
565,Rend
566,Soaring
567,Tall
568,Jump
569,Two
570,Captain
571,Your
572,Happy
573,Rotten
574,Wolf
575,Colt
576,Melt
577,Code
578,Sand
579,Sickly
580,Spaz
581,Squid
582,Green
583,Erase
584,Sandwich
585,Slice
586,Lies
587,Slice
588,Open
589,Alpha
590,Rest
591,Power
592,Boy
593,Video
594,Broken
595,Cult
596,Bloxxer
597,Spaz
598,Theme
599,Falling
600,Dessert
601,Broken
602,Melting
603,Wrench
604,Ready
605,Mew
606,Sickly
607,Sarge
608,Jump
609,Extreme
610,Bubba
611,Video
612,Punch
613,Money
614,Duke
615,Small
616,Chuckle
617,Hound
618,Destined
619,Hound
620,Eraser
621,Memory
622,One
623,Universe
624,Ultimate
625,Kid
626,Geo
627,Shot
628,Broken
629,Cracked
630,Cliff
631,Mule
632,Donkey
633,Desert
634,Destined
635,Melted
636,Ultimate
637,Demonic
638,Your
639,Duke
640,Racer
641,Red
642,Extreme
643,Monkey
644,Boy
645,Numb
646,Captain
647,Seal
648,Melting
649,Recon
650,Dead
651,Punch
652,Deeper
653,Universe
654,Blue
655,Elevator
656,Melt
657,Grand
658,Deceit
659,Happy
660,Crimson
661,Money
662,Demonic
663,Zombie
664,One
665,One
666,Theme
667,Donkey
668,Mountain
669,Sickly
670,Red
671,Glow
672,Kitty
673,Sickly
674,Light
675,Sharp
676,Omega
677,Soar
678,Sith
679,Extreme
680,Hawker
681,Theme
682,Magnum
683,Melting
684,Small
685,Hurdle
686,Dead
687,Sick
688,Falling
689,Sickly
690,Mine
691,Deceit
692,Sith
693,Lord
694,Duke
695,Trooper
696,Cold
697,Racer
698,Captain
699,Light
700,Cold
701,Vortex
702,Assault
703,Lord
704,Flying
705,Small
706,Rotten
707,Kid
708,Sick
709,Mule
710,Head
711,Gamma
712,Glow
713,Rotten
714,Video
715,Shot
716,Falling
717,Cat
718,Eraser
719,Mountain
720,Cliff
721,Ultimate
722,Enemy
723,Circle
724,King
725,Memory
726,Ready
727,Zero
728,Deepest
729,Genome
730,Cat
731,Hostile
732,Grand
733,Sickly
734,Fire
735,Morrow
736,Smasher
737,Game
738,Ready
739,Magnum
740,Trooper
741,Destined
742,Slash
743,Hawk
744,Lie
745,Legacy
746,Hawk
747,Tread
748,Enemy
749,Punch
750,Death
751,Mule
752,Multi
753,Joyful
754,Green
755,Redeem
756,Broken
757,Light
758,Echo
759,Fell
760,Racer
761,Camel
762,Alpha
763,Short
764,Dead
765,Gamma
766,Short
767,Deeper
768,Cliff
769,Beta
770,Cat
771,Deceit
772,Spaz
773,Redeem
774,XX
775,Destined
776,Capt
777,Small
778,Blue
779,Magnum
780,Fell
781,Genome
782,Past
783,Break
784,Big
785,Cold
786,Money
787,Game
788,Bandit
789,Flying
790,Genome
791,Genome
792,Bounty
793,Cliff
794,Falling
795,Past
796,Joyful
797,Code
798,Hostile
799,Theme
800,Broken
801,Sarge
802,Cracked
803,Sharp
804,Short
805,Power
806,Bounty
807,Punch
808,Close
809,Mountain
810,Hawk
811,Colt
812,Donkey
813,Alpha
814,Bloxxer
815,Slice
816,Dead
817,Multi
818,Game
819,Bubba
820,Mule
821,Memory
822,Fall
823,Captain
824,Sharp
825,Ultimate
826,Erase
827,Gold
828,Alpha
829,Morrow
830,Mine
831,Lord
832,Slice
833,Light
834,Mule
835,Melting
836,Mountain
837,Dead
838,Colt
839,Short
840,Duke
841,Fall
842,Script
843,Gun
844,Death
845,Force
846,Flying
847,Sand
848,Gun
849,Boy
850,Tread
851,Future
852,Numb
853,Boy
854,Genome
855,Dessert
856,Rest
857,Camel
858,Jump
859,Cube
860,Genome
861,Game
862,Camel
863,Fire
864,Zombie
865,Wrench
866,Mew
867,Script
868,Money
869,Gun
870,Open
871,Assault
872,Worst
873,Seal
874,Enemy
875,Open
876,Sickly
877,Duke
878,Open
879,Cat
880,Fear
881,Light
882,Janitor
883,Morrow
884,Cliff
885,Sick
886,Flame
887,Melt
888,Tread
889,Tread
890,Fire
891,Dev
892,Destiny
893,Gamma
894,Assault
895,Game
896,Racer
897,Deep
898,Breaker
899,Demonic
900,Fire
901,Bandit
902,Short
903,Dev
904,Sand
905,Code
906,Zero
907,Tread
908,Rend
909,Racer
910,Paradox
911,King
912,Money
913,Enemy
914,Red
915,Hound
916,Gamma
917,Melt
918,Script
919,Big
920,Theme
921,Soar
922,Legacy
923,Red
924,Uno
925,Kitten
926,Cold
927,Zero
928,Echo
929,Echo
930,Script
931,Cult
932,Deeper
933,Rend
934,Jump
935,King
936,Demon
937,Rotten
938,Spaz
939,Melting
940,Vortex
941,Deepest
942,Assault
943,Broken
944,Destiny
945,Worst
946,Girl
947,King
948,Mule
949,Eagle
950,Red
951,Melt
952,Force
953,Paradox
954,Breaker
955,King
956,Demon
957,Fell
958,Capt
959,Hurdle
960,Melted
961,Past
962,Writer
963,Yellow
964,Cold
965,Chuckle
966,Germ
967,Honest
968,Lie
969,Dessert
970,Death
971,Grease
972,Desert
973,Dev
974,Dessert
975,Fell
976,Yellow
977,Demon
978,Sarge
979,Redeem
980,Deceit
981,Fire
982,Open
983,Trooper
984,One
985,Colt
986,Deep
987,Grease
988,Kid
989,Jump
990,Honest
991,Lies
992,Redeem
993,Circle
994,Echo
995,Bandit
996,Hawk
997,Shot
998,Deepest
999,Cultist
